<?xml version="1.0"?>
<field dialogs="1" entitys="1" gateways="1" encounters="0" walkmesh="0">
    <dialogs>
    </dialogs>

    <entitys>
        <entity name="cloud">
            <script>
CHAR (00)
PC (00)
RET ()
RET ()</script>
        </entity>



        <entity name="light1">
            <script>
BGCLR (00,03)
BGOFF (00,03,01)
RET ()
BGON (00,03,01)
WAIT (1E,00)
BGOFF (00,03,01)
WAIT (1D,00)</script>
        </entity>



        <entity name="pi">
            <script>
BGCLR (00,02)
BGOFF (00,02,00)
RET ()
BGON (00,02,00)
WAIT (1E,00)
BGOFF (00,02,00)
WAIT (1D,00)</script>
        </entity>
    </entitys>

    <gateways>
        <gateway point1="-185 5 -68" point2="-185 5 56" position="-1511 -273 4312" map_id="120" />
    </gateways>

    <encounters>
    </encounters>

    <walkmesh>
    </walkmesh>
</field>