<?xml version="1.0"?>
<field dialogs="1" entitys="1" gateways="0" encounters="0" walkmesh="0">
    <dialogs>
    </dialogs>

    <entitys>
        <entity name="cloud">
            <script>
CHAR (00)
PC (00)
RET ()
RET ()</script>

            <script>
RET ()</script>

            <script>
RET ()</script>

            <script>
//LADER (00,00,A6,00,F8,00,0D,07,66,00,01,03,80,01)
RET ()</script>

            <script>
//LADER (00,00,A8,00,8E,00,2E,06,4F,00,00,03,80,01)
RET ()</script>
        </entity>



        <entity name="ladu0">
            <script>
LINE (86,00,91,00,2E,06,D5,00,84,00,2E,06)
RET ()
JMPB (00)</script>

            <script>
RET ()</script>

            <script>
RET ()</script>

            <script>
REQ (00,C3)
RET ()</script>

            <script>
RET ()</script>
        </entity>



        <entity name="ladd0">
            <script>
LINE (82,00,0C,01,07,07,CC,00,14,01,06,07)
RET ()
JMPB (00)</script>

            <script>
RET ()</script>

            <script>
RET ()</script>

            <script>
REQ (00,C4)
RET ()</script>

            <script>
RET ()</script>
        </entity>
    </entitys>

    <gateways>
    </gateways>

    <encounters>
    </encounters>

    <walkmesh>
    </walkmesh>
</field>