<?xml version="1.0"?>
<field dialogs="1" entitys="1" gateways="1" encounters="0" walkmesh="0">
    <dialogs>
    </dialogs>

    <entitys>
        <entity name="dir">
            <script>
IFUB (10,E1,00,09,07)
BITOFF (10,E1,00)
JMPF (05)
BITON (10,E1,00)
RET ()
RET ()</script>
        </entity>



        <entity name="time">
            <script>
RET ()
RET ()</script>
        </entity>



        <entity name="timeo">
            <script>
RET ()
RET ()</script>
        </entity>



        <entity name="cl">
            <script>
CHAR (00)
PC (00)
RET ()
JMPB (00)</script>
        </entity>



        <entity name="ba">
            <script>
CHAR (01)
PC (01)
RET ()
JMPB (00)</script>
        </entity>



        <entity name="ele">
            <script>
RET ()
RET ()</script>
        </entity>



        <entity name="av_j">
            <script>
RET ()
RET ()</script>
        </entity>



        <entity name="">
            <script>
BGCLR (00,02)
BGOFF (00,02,00)
RET ()
BGON (00,02,00)
WAIT (1E,00)
BGOFF (00,02,00)
WAIT (1D,00)
JMPB (0E)</script>

            <script>
RET ()</script>
        </entity>



        <entity name="light">
            <script>
BGCLR (00,03)
BGOFF (00,03,00)
RET ()
IFUB (50,07,01,00,0F)
BGON (00,03,00)
WAIT (28,00)
BGOFF (00,03,00)
WAIT (27,00)
JMPB (14)</script>

            <script>
RET ()</script>
        </entity>



        <entity name="light">
            <script>
BGCLR (00,03)
BGOFF (00,03,01)
RET ()
IFUB (50,07,01,00,0F)
BGON (00,03,01)
WAIT (1E,00)
BGOFF (00,03,01)
WAIT (1D,00)
JMPB (14)</script>

            <script>
RET ()</script>
        </entity>



        <entity name="jp0">
            <script>
LINE (47,FF,BC,FF,05,00,47,FF,38,00,05,00)
RET ()
JMPB (00)</script>

            <script>
RET ()</script>

            <script>
RET ()</script>

            <script>
IFUB (10,E1,00,0A,21)
IFSW (20,00,00,21,00,03,0D)
MAPJUMP (78,00,33,FA,CA,10,3C,00,00)
JMPF (0B)
MAPJUMP (80,00,33,FA,CA,10,34,00,00)
JMPF (1F)
IFSW (20,00,00,21,00,03,0D)
MAPJUMP (7A,00,56,FD,34,01,5C,00,40)
JMPF (0B)
MAPJUMP (81,00,56,FD,34,01,5C,00,40)</script>

            <script>
RET ()</script>
        </entity>
    </entitys>

    <gateways>
    </gateways>

    <encounters>
    </encounters>

    <walkmesh>
    </walkmesh>
</field>