<?xml version="1.0"?>
<field dialogs="1" entitys="1" gateways="0" encounters="0" walkmesh="0">
    <dialogs>
    </dialogs>



    <entitys>
        <entity name="dir">
            <script>
MVCAM (00)
PMVIE (14)
MOVIE ()
RET ()
RET ()</script>
        </entity>



        <entity name="cloud">
            <script>
CHAR (00)
PC (00)
RET ()
RET ()</script>
        </entity>



        <entity name="fan">
            <script>
BGCLR (00,02)
RET ()
WAIT (03,00)
BGON (00,02,00)
WAIT (04,00)
BGOFF (00,02,00)
BGON (00,02,01)
WAIT (04,00)
BGOFF (00,02,01)
JMPB (19)</script>
        </entity>
    </entitys>

    <gateways>
    </gateways>

    <encounters>
    </encounters>

    <walkmesh>
    </walkmesh>
</field>