<?xml version="1.0"?>
<field dialogs="1" entitys="1" gateways="0" encounters="0" walkmesh="0">
    <dialogs>
    </dialogs>

    <entitys>
        <entity name="cloud">
            <script>
CHAR (00)
PC (00)
RET ()
RET ()</script>
        </entity>



        <entity name="warning">
            <script>
BGCLR (00,01)
BGOFF (00,01,00)
RET ()
BGON (00,01,00)
WAIT (20,00)
BGOFF (00,01,00)
WAIT (20,00)</script>
        </entity>
    </entitys>

    <gateways>
    </gateways>

    <encounters>
    </encounters>

    <walkmesh>
    </walkmesh>
</field>