<?xml version="1.0"?>
<field dialogs="1" entitys="1" gateways="0" encounters="0" walkmesh="0">
    <dialogs>
    </dialogs>

    <entitys>

        <entity name="dir 0">
            <script>
SCR2D (00,00,00,28,00)
FADE (00,00,00,00,00,01,04,00)
SCR2D (00,00,00,00,00)
BTLON (01)
RET ()
PMVIE (35)
//MOVIE ()
PRTYE (00,FE,FE)
WAIT (1E,00)
REQ (06,43)
WAIT (21,00)
REQ (0A,43)
WAIT (1E,00)
//REQ (09,43)
//WAIT (3C,00)
//REQ (07,43)
//WAIT (0A,00)
//WAIT (3C,00)
//REQ (08,43)
//WAIT (46,00)
//REQ (02,43)
//WAIT (50,00)
//SCR2DC (00,00,EC,FF,82,00,0C,00)
//WAIT (0E,00)
//REQ (01,43)
//WAIT (02,00)
//WAIT (16,00)
//SCR2DC (00,00,0A,00,23,00,0F,00)
//WAIT (10,00)
//WAIT (3A,00)
//WINDOW (03,28,00,14,00,85,00,29,00)
//MESSAGE (03,1E)
//REQ (02,44)
//WAIT (14,00)
//UC (00)
//MENU2 (00)
//CC (01)
//GETAI (06,01,04)
//IFUBL (66,04,09,00,20,00)
//IFUBL (20,00,01,00,19,00)
//SETWORD (20,00,06,00)
//UC (01)
//MENU2 (01)
//REQ (04,43)
//REQEW (05,43)
//BATTLE (00,2C,01)
//UC (00)
//MENU2 (00)
//JMPBL (29,00)
JMPBL (00,00)
</script>
        </entity>



        <entity name="1">
            <script>
RET ()
RET ()</script>
        </entity>

        <entity name="2">
            <script>
CHAR (00)
PC (00)
//XYZI (00,00,47,0E,28,6B,36,01,19,00)
RET ()
RET ()</script>
        </entity>



        <entity name="3">
            <script>
RET ()
RET ()</script>
        </entity>



        <entity name="4">
            <script>
RET ()
RET ()</script>
        </entity>



        <entity name="5">
            <script>
RET ()
RET ()</script>
        </entity>



        <entity name="av_m 6">
            <script>
CHAR (04)
XYZI (00,00,00,0F,00,72,3A,01,03,00)
DIR (00,C0)
SOLID (01)
VISI (00)
RET ()
JMPBL (00,00)
</script>

            <script>
RET ()</script>

            <script>
RET ()</script>

            <script>
VISI (01)
WAIT (08,00)
WAIT (0A,00)
DIR (00,68)
WAIT (64,00)
//MOVE (00,FC,0E,6F,72)
//MOVE (00,FA,0D,B0,72)
SOLID (01)
VISI (00)
RET ()</script>
        </entity>



        <entity name="7">
            <script>
RET ()
RET ()</script>
        </entity>



        <entity name="8">
            <script>
RET ()
RET ()</script>
        </entity>



        <entity name="9">
            <script>
RET ()
RET ()</script>
        </entity>



        <entity name="gu1 a">
            <script>
CHAR (08)
XYZI (00,00,70,0E,3D,70,36,01,09,00)
DIR (00,40)
RET ()
JMPB (00)</script>

            <script>
RET ()</script>

            <script>
RET ()</script>

            <script>
SOLID (01)
//MOVE (00,D0,0E,30,72)
DIR (00,28)
REQ (0B,C3)
TLKON (01)
SOLID (01)
VISI (00)
RET ()</script>
        </entity>



        <entity name="guadd a">
            <script>
CHAR (08)
XYZI (00,00,70,0E,3D,70,36,01,09,00)
DIR (00,40)
RET ()
JMPB (00)</script>

            <script>
RET ()</script>

            <script>
RET ()</script>

            <script>
SOLID (01)
//MOVE (00,D0,0E,30,72)
DIR (00,28)
REQ (0B,C3)
TLKON (01)
SOLID (01)
VISI (00)
RET ()</script>
        </entity>
    </entitys>

    <gateways>
    </gateways>

    <encounters>
    </encounters>

    <walkmesh>
    </walkmesh>
</field>