<?xml version="1.0"?>
<field dialogs="1" entitys="1" gateways="1" encounters="1">
    <dialogs>
        <dialog>        Next
        Close</dialog>

        <dialog>        Previous
        Usual window
        Battle unlock
        Battle lock
        Encounter table 0
        Encounter table 1</dialog>

        <dialog>Akari is a good girl!
Do you believe this?</dialog>

        <dialog> </dialog>

        <dialog>Startmap</dialog>
    </dialogs>






    <entitys>
        <entity name="test">
            <script>
MPNAM (04)
IDLCK (20,00,01)
RET ()
WINDOW (00,20,00,20,00,75,00,75,00)
WSPCL (00,02,01,05)
INC2! (01,00,00)
WNUMB (10,00,00,00,00,00,03)
WMODE (00,01,01)
MESSAGE (00,03)
IFUWL (10,00,00,64,00,01,03,00)
RET ()
REQ (00,01)
MINUS2! (10,00,64,00)
RET ()</script>

            <script>
WINDOW (01,FF,00,FF,00,8A,00,2C,00)
ASK (05,01,00,00,01,00)
JMPF (33)
WMODE (01,02,00)
WINDOW (01,FF,00,EF,00,A1,00,6C,00)
ASK (05,01,01,00,05,00)
WMODE (01,00,00)
JMPF (21)
WMODE (01,02,00)
WINDOW (01,FF,00,DF,00,8A,00,2C,00)
MESSAGE (01,02)
WMODE (01,00,00)
JMPB (43)
IFUBL (50,00,00,00,16,00)
JMPB (39)
IFUBL (50,00,00,00,04,00)
JMPB (55)
IFUBL (50,00,01,00,04,00)
JMPB (30)
IFUBL (50,00,02,00,05,00)
BTLLK (00)
IFUBL (50,00,03,00,05,00)
BTLLK (01)
IFUBL (50,00,04,00,04,00)
BTLTB (00)
IFUBL (50,00,05,00,04,00)
BTLTB (01)
RET ()</script>
        </entity>



        <entity name="cloud">
            <script>
CHAR (00)
PC (00)
XYZI (00,00,00,00,00,00,00,00,01,00)
RET ()
RET ()</script>
        </entity>



        <entity name="yufi">
            <script>
CHAR (03)
XYZI (00,00,B6,FF,7E,FF,00,00,64,00)
DIR (00,60)
// SLIDR (00,01)
RET ()
RET ()</script>
        </entity>
    </entitys>






    <gateways>
        <gateway x1="300" y1="10" z1="-300" x2="300" y2="10" z2="300" x3="0" y3="0" z3="0" map_id="116" />
    </gateways>






    <encounters>
        <table enabled="1" rate="10">
            <standart>
                <encounter rate="10" scene="300" />
                <encounter rate="10" scene="301" />
                <encounter rate="10" scene="302" />
                <encounter rate="10" scene="303" />
                <encounter rate="10" scene="304" />
                <encounter rate="10" scene="305" />
            </standart>

            <special>
                <encounter rate="10" scene="306" />
                <encounter rate="10" scene="307" />
            </special>
        </table>



        <table enabled="0" rate="200">
            <standart>
                <encounter rate="10" scene="308" />
                <encounter rate="64" scene="309" />
            </standart>

            <special>
            </special>
        </table>
    </encounters>
</field>